first_seen,guid,title,link,pub_date,description
2026-07-05_1557,dfee9dd1b0944f9cbece692cedc0cf89,Recreation Centre Gym Equipment Upgrade,https://www.vendorpanel.nz/tsi.axd?id=dfee9dd1b0944f9cbece692cedc0cf89s2608s85996a649309434d8b99b28d494b72f0s49,"Thu, 02 Jul 2026 02:08:00 GMT","<b>Tender Details : </b> Massey University is seeking quotations from suitably qualified suppliers for the supply, delivery, installation and commissioning of commercial gym equipment for its Recreation Centres located in Auckland, Palmerston North and Wellington.<br /><br />The RFQ consists of multiple equipment lots, including cardio equipment, strength machines, and free weights/accessories. Suppliers may submit responses for one, multiple, or all lots.<br /><br />Suppliers must be able to provide commercial-grade equipment suitable for high-use recreation environments and demonstrate appropriate warranty, servicing, and parts support within New Zealand.<br /><br />Delivery and installation are anticipated between September and December 2026.<br /><br />Full requirements, specifications, and pricing schedules are provided in the RFQ documentation.<br /><br /><b>Issued by : </b> Massey University<br /><b>Closing Date</b> : 22/Jul/2026 11:00 am (UTC+12:00) Auckland, Wellington time<br"
2026-07-05_1557,a409160d1d1d411f8de7952ebd9a0f98,Enterprise Network Refresh (Solution),https://www.vendorpanel.nz/tsi.axd?id=a409160d1d1d411f8de7952ebd9a0f98s2592s930449e3ff934542b58ea67687191124s70,"Wed, 24 Jun 2026 02:42:00 GMT","<b>Tender Details : </b> Massey University is seeking a strategic delivery partner to design, supply, implement, and support a full refresh of its enterprise network infrastructure across all campuses.<br /><br />The solution must address ageing infrastructure, increasing cybersecurity risk, and capacity constraints, delivering a secure, resilient, scalable, and cloud-ready network platform that supports research, teaching, and operational needs.<br /><br />The successful Respondent will provide:<br /><br />•	Network hardware and software platforms<br /><br />•	Design, integration, and implementation services<br /><br />•	Ongoing support and managed services<br /><br />•	A commercial model supporting both capital and service-based approaches (including NaaS)<br /><br />Please note that this RFP (and any contractual commitment) is issued subject to Massey University Council approval of the Network Refresh Business Case (anticipated mid-July 2026).<br /><br /><b>Issued by : </b> Massey U"
2026-07-05_1557,43c9bb8b9c194760968d17da75376b25,176 Williams Street Kaiapoi seismic strengthening,https://www.vendorpanel.nz/tsi.axd?id=43c9bb8b9c194760968d17da75376b25s2579s85818252ab0f4a97ad4749bb758701e4s12,"Wed, 17 Jun 2026 02:51:00 GMT","<b>Tender Details : </b> Waimakariri District Council is seeking a suitably experienced building contractor to undertake seismic strengthening works at 176 Williams Street, Kaiapoi.<br /><br />The works are to strengthen the existing single-storey retail building to a target seismic rating of 80%NBS, Importance Level 2. The building is will be vacant and stripped out and possession of site is expected to be 17th August 2026<br /><br />The required services include all labour, plant, materials, temporary works, access, coordination, construction management, quality assurance and completion documentation necessary to deliver the strengthening works. The scope includes, but is not limited to, site establishment, protection of existing finishes and services, installation of new structural steel braced frames, roof cross-bracing, portal frame and masonry wall connections, new foundation pads and ground beams, proprietary anchors and bracing systems, making good, testing, inspections and pro"
2026-07-08_0755,55e87db6a34f4ceb99a2adcc8920b622,Supply and installation of Playground Equipment for Elm Green Reserve - Rangiora,https://www.vendorpanel.nz/tsi.axd?id=55e87db6a34f4ceb99a2adcc8920b622s2622s85996a649309434d8b99b28d494b72f0s49,"Wed, 08 Jul 2026 01:29:00 GMT","<b>Tender Details : </b> For the supply and installation of playground equipment for Elm Green Reserve as listed as follows:<br /><br />1 x 30m single Flying Fox <br /><br />1 x Eagles Claw Basket Swing<br /><br />1 x junior lollipop/flower swing<br /><br />1 x juniour sensory play tunnel<br /><br />1 x tic tac toe game<br /><br />1 set banister climbing bars<br /><br />Softfall matting under the swing<br /><br /><b>Issued by : </b> Waimakariri District Council<br /><b>Closing Date</b> : 05/Aug/2026 05:00 pm (UTC+12:00) Auckland, Wellington time<br /><b>Reference number</b> : VP2622<br /><b>Contact person</b> : Julie Mason Email: julie.mason@wmk.govt.nz Tel: 0273153492<br /><b>Tender categories</b> : Sport, Recreation Equip, Services<br /><b>Specification Docs</b> : 4"
2026-08-03_0849,0da8583ec5004e939c9c21522c211df8,Asbestos Property Survey and reinspection,https://www.vendorpanel.nz/PublicTenderAccess.aspx?id=0da8583ec5004e939c9c21522c211df8s2645,"Sun, 02 Aug 2026 20:15:00 GMT","<b>Tender Details : </b> Waimakariri District Council is seeking registrations of interest from suitably qualified and experienced asbestos surveying consultancies to support the next stage of its district-wide asbestos management programme. <br /><br />The opportunity covers a diverse portfolio of Council-owned buildings and structures and is expected to include surveys of previously unsurveyed pre-2000 assets, reinspections of known asbestos-containing materials, confirmatory sampling, and correction of existing survey and register information where required. The final delivery approach may comprise a combination of targeted reinspections and full management surveys, with priority given to unsurveyed properties and locations containing higher-risk materials.<br /><br /><b>Issued by : </b> Waimakariri District Council<br /><b>Closing Date</b> : 02/Sep/2026 04:00 pm (UTC+12:00) Auckland, Wellington time<br /><b>Reference number</b> : VP2645<br /><b>Contact person</b> : Not disclosed<br"
2026-08-09_1759,069a38cffa7c478f971bdbb05b207f38,Rangiora Eastern Link - Physical Works - Registration of Interest,https://www.vendorpanel.nz/PublicTenderAccess.aspx?id=069a38cffa7c478f971bdbb05b207f38s2654,"Sun, 09 Aug 2026 09:26:00 GMT","<b>Tender Details : </b> The Rangiora Eastern Link (REL) is a proposed 3 km new collector road designed to relieve traffic congestion on Southbrook Road, enhance transport efficiency, and unlock new residential areas in East Rangiora and commercial development in Southbrook. The expected cost estimate for the project is $65.9 million including physical and enabling works, fees and land acquisition.<br /><br />Council has approved the Business Case and co-funding has been confirmed for the pre-implementation phase from NZTA. Following review of the responses to a recent Market Sounding (Contract reference 26/16) , this invitation is to register interest to be shortlisted and invited to tender for the physical works contract as well as provide services during the design phase (ECI).<br /><br />Council is seeking experienced civil contractors with the capability and capacity to construct the Rangiora Eastern Link. Approximately three contractors will be shortlisted and initially engaged u"
2026-08-11_0629,42e8da21ac8d44ef85ceae5b1c801a57,CON26/29 Blake Street Carpark Redevelopment - Registration of Interest,https://www.vendorpanel.nz/tsi.axd?id=42e8da21ac8d44ef85ceae5b1c801a57s2655s85818252ab0f4a97ad4749bb758701e4s12,"Tue, 11 Aug 2026 03:21:00 GMT","<b>Tender Details : </b> This Registration of Interest is the first stage of procurement for the redevelopment and expansion of the Blake Street Public Carpark in Rangiora Township.<br /><br />The works will include:<br /><br />- Stripping, relevelling, and resurfacing of the bulk carpark area.<br /><br />- Replacement of approximately 130m of AC watermain with new DN150-DN200<br /><br />- Removal of existing kerbs, gardens, and lighting assets<br /><br />- Construct new kerbs, channels, and additional underground drainage to tie into the existing network<br /><br />- High amenity paving areas with street furniture <br /><br />- Adjusting the existing lighting network including installing and commissioning new poles and luminaires, and extending the cable and duct network<br /><br />- New carpark linemarking and signage<br /><br />- Construction of new garden areas and tree pits ready for planting (by others)<br /><br /><b>Issued by : </b> Waimakariri District Council<br /><b>Closing D"
2026-08-12_0654,aed6354b384f45cf903b89efa1c125e2,Student Accommodation Asset Development,https://www.vendorpanel.nz/PublicTenderAccess.aspx?id=aed6354b384f45cf903b89efa1c125e2s2659,"Wed, 12 Aug 2026 01:46:00 GMT","<b>Tender Details : </b> Massey University requires a supplier to develop a robust asset management plan to inform future student accommodation investment decisions across all campuses. This opportunity is open to approved suppliers on the All-of-Government (AoG) Construction Consultancy Services or the Property Consultancy Services Panels to submit proposals.<br /><br /><b>Issued by : </b> Massey University<br /><b>Closing Date</b> : 11/Sep/2026 02:00 pm (UTC+12:00) Auckland, Wellington time<br /><b>Reference number</b> : VP2659<br /><b>Contact person</b> : Sophie Pita Email: s.pita@massey.ac.nz Tel: 0277236136<br /><b>Tender categories</b> : Architecture, Design, Planning, Financial & Insurance Services, Management Advisory Services<br /><b>Specification Docs</b> : 2"
2026-08-14_0655,d436dd1432f0454d824d8bd792551e56,Contractors Briefing 2026-27,https://www.vendorpanel.nz/PublicTenderAccess.aspx?id=d436dd1432f0454d824d8bd792551e56s2661,"Fri, 14 Aug 2026 00:27:00 GMT","<b>Tender Details : </b> The Council is holding its annual Contractors Briefing - contractors are invited to register as per the attachment, and attend<br /><br /><b>Issued by : </b> Waimakariri District Council<br /><b>Closing Date</b> : 04/Sep/2026 05:00 pm (UTC+12:00) Auckland, Wellington time<br /><b>Reference number</b> : VP2661<br /><b>Contact person</b> : Not disclosed<br /><b>Tender categories</b> : Construction & Operation, Mining & Quarrying & Oil & Gas, Sport, Recreation Equip, Services, Utilities, Water & Sewage<br /><b>Specification Docs</b> : 1"
2026-08-17_0601,52a4b650482149ea800ced8fbdf59445,"Audio Visual Technology: Supply, Delivery & Support",https://www.vendorpanel.nz/tsi.axd?id=52a4b650482149ea800ced8fbdf59445s2662s930449e3ff934542b58ea67687191124s70,"Mon, 17 Aug 2026 01:11:00 GMT","<b>Tender Details : </b> Services for design, supply, install, test, certify, warranty and support of Audio-Visual (AV) technology along with the necessary physical infrastructure (lecterns, sensors, microphones, document scanners, controllers and display equipment)—across Massey’s three campuses. Delivery of these services must conform to strict technical standards and documentation requirements provided by Massey. <br /><br /> <br /><br /> <br /><br />The outcome of the procurement is to identify a single national supplier who can provide the services outlined above at each of the Massey campuses – Auckland, Manawatu, and Wellington. However, Massey University reserves the right to appoint one or more suppliers, including on a campus-by-campus basis, where this represents the best overall procurement outcome.<br /><br /><b>Issued by : </b> Massey University<br /><b>Closing Date</b> : 14/Sep/2026 10:00 am (UTC+12:00) Auckland, Wellington time<br /><b>Reference number</b> : VP2662<br /"
2026-08-26_0601,87d0279c59124eefb6211e0dac6a859a,24/51 Kippenberger/Elm Green Playground Development - Civil Works,https://www.vendorpanel.nz/tsi.axd?id=87d0279c59124eefb6211e0dac6a859as2666s85818252ab0f4a97ad4749bb758701e4s12,"Wed, 26 Aug 2026 05:20:00 GMT","<b>Tender Details : </b> This procurement plan is only for the Civil Works component of this project. The procurement of the playground equipment is covered by VP2026-109. The civil works include<br /><br />- Construction of a 1.2 m mound for access to the flying fox<br /><br />- Construction of 193 m2 of concrete footpaths<br /><br />- Construction of 6 garden beds including plantings<br /><br />- Construction of 6 tree pits including tree installation<br /><br />- Construction of 105 m of new post and cable fence including vehicle entrance<br /><br />- Construction of 74 m of Subsoil Drain<br /><br />- Construction of all soft fall areas for play equipment<br /><br />- Supply and Installation of 3 bike racks and one litter bin.<br /><br /><b>Issued by : </b> Waimakariri District Council<br /><b>Closing Date</b> : 16/Sep/2026 04:00 pm (UTC+12:00) Auckland, Wellington time<br /><b>Reference number</b> : VP2666<br /><b>Contact person</b> : Not disclosed<br /><b>Tender categories</b> : C"
2026-09-02_0950,44e93be7daed46a481872371c7ffb424,Rangiora Eastern Link Programme Manager - third term,https://www.vendorpanel.nz/tsi.axd?id=44e93be7daed46a481872371c7ffb424s2672sb58e0ec3fd284fef92030bdf714d8951s38,"Wed, 02 Sep 2026 04:54:00 GMT","<b>Tender Details : </b> Rangiora Eastern Link<br /><br />- progress appointment of designer<br /><br />- complete investigations<br /><br />- design and contract documentation<br /><br />- appoint contractor<br /><br />- carry out ECI<br /><br />- procure land<br /><br />- obtain consents<br /><br />- prep documentation to obtain construction funding<br /><br />Strategic and Business Case Services – strategic planning, and business case development for priority stormwater, wastewater and flood management initiatives. Provide advice as required. Examples include:<br /><br />Rangiora Stormwater Management Plan<br /><br />Mandeville flood mgt<br /><br />Oxford WWTP<br /><br />Animal Shelter - provide advice as required<br /><br />Development team - project management and specialist advisory services for other Council projects commissioned on an agreed, task-by-task basis.<br /><br /><b>Issued by : </b> Waimakariri District Council<br /><b>Closing Date</b> : 16/Sep/2026 04:00 pm (UTC+12:0"
2026-09-09_1002,c33c90f75f8d4206b90a03fbbd83273a,"25/106 Woodend Water Main Renewals, Stormwater and Footpath Upgrade 2026/27",https://www.vendorpanel.nz/PublicTenderAccess.aspx?id=c33c90f75f8d4206b90a03fbbd83273as2677,"Wed, 09 Sep 2026 03:32:00 GMT","<b>Tender Details : </b> Water Renewal, Stormwater and Footpaths within Main North Road (State Highway 1) and side streets in Woodend, Waimakariri.<br /><br />Installation of Water Main via Trenchless methodology where practical.<br /><br />The main tasks involved in this Contract are:<br /><br />Supply and install of the following water infrastructure:<br /><br />o	40m of 250mm OD PE100-RC PN12.5 Water Main<br /><br />o	515m of 180mm OD PE100-RC PN12.5 Water Main<br /><br />o	500m of 125mm OD PE100-RC PN12.5 Water Main<br /><br />o	181m of 63mm OD PE100-RC PN 12.5 Rider Main<br /><br />o	229m of 35mm, 25mm and 20mm OD Service Lateral<br /><br />o	Multiple water details involving; fire hydrants, valves, thrust blocks, bends and other fittings.<br /><br />o	33 Service Connections requiring upgrade and/or transfer to new main.<br /><br />o	Abandonment of redundant Water Main and associated surface features.<br /><br />Water Mains and Rider Mains within the Carriageway of Main North Road "
2026-09-10_0958,7b4f97925e304dfb8a215052292ad5dc,25/132 Woodend Beach Recreation Facilities Upgrade,https://www.vendorpanel.nz/tsi.axd?id=7b4f97925e304dfb8a215052292ad5dcs2678s85818252ab0f4a97ad4749bb758701e4s12,"Thu, 10 Sep 2026 00:11:00 GMT","<b>Tender Details : </b> This Contract is for the demolition of the existing playground, the construction of a new playground and upgrade of the existing car park at Woodend Beach Domain.<br /><br />The main tasks involved in this Contract are:<br /><br />Car Park (Separable Portion A)<br /><br />- Earthworks to reshape, widen and raise the car park area<br /><br />- 1846m2 of chip seal road and car parking with provisional asphalt for turning area<br /><br />- 267m2 of chip seal footpath connecting to the car park<br /><br />- 333m of timber edging<br /><br />- 11 x new garden beds including top soiling and mulch<br /><br />- 3 x concrete pads<br /><br />- Line marking and signage<br /><br />- 47m of stormwater pipework and 3 x new sumps, including existing sump alterations and concrete capping<br /><br />- 65m of new stormwater swales<br /><br />- Removal of 151m of existing bollard wire fence<br /><br />- 36m of bollard wire fence and 65 individual bollards <br /><br />Playground (S"
2026-09-14_1055,40706a1a0ef347068e0774aefcadc2a1,Stage 1: East Woodend Detention Basin Works,https://www.vendorpanel.nz/tsi.axd?id=40706a1a0ef347068e0774aefcadc2a1s2679s85818252ab0f4a97ad4749bb758701e4s12,"Mon, 14 Sep 2026 07:49:00 GMT","<b>Tender Details : </b> Construction of Stage 1 of the East Woodend Detention Basin Works being excavation of approximately 18,000m3, related stoipilsiling, drainage works and landscaping.<br /><br /><b>Issued by : </b> Waimakariri District Council<br /><b>Closing Date</b> : 07/Oct/2026 04:00 pm (UTC+12:00) Auckland, Wellington time<br /><b>Reference number</b> : VP2679<br /><b>Contact person</b> : Not disclosed<br /><b>Tender categories</b> : Construction & Operation<br /><b>Specification Docs</b> : 7"
2026-09-25_1027,9289b3a74513415a9e47e775a66e6351,Contract 26/10 Murray Street Sewer Upgrade,https://www.vendorpanel.nz/PublicTenderAccess.aspx?id=9289b3a74513415a9e47e775a66e6351s2684,"Fri, 25 Sep 2026 04:54:00 GMT","<b>Tender Details : </b> This Contract is for the Installation of a DN150 uPVC Sewer Pipe and associated infrastructure in Murray, George & Queen Streets, in the township of Rangiora. Please refer to the tender document for full details.<br /><br /><b>Issued by : </b> Waimakariri District Council<br /><b>Closing Date</b> : 14/Oct/2026 04:00 pm (UTC+12:00) Auckland, Wellington time<br /><b>Reference number</b> : VP2684<br /><b>Contact person</b> : Not disclosed<br /><b>Tender categories</b> : Construction & Operation, Water & Sewage<br /><b>Specification Docs</b> : 3"
2026-09-28_2236,bbf27283fd1441e59b9907db2d30497d,Stormwater Treatment Devices Servicing,https://www.vendorpanel.nz/PublicTenderAccess.aspx?id=bbf27283fd1441e59b9907db2d30497ds2686,"Mon, 28 Sep 2026 21:19:00 GMT",<b>Tender Details : </b> This Contract is for inspections and servicing of proprietary stormwater treatment devices (filters) at scheduled intervals throughout the Waimakariri District.<br /><br />The main tasks involved in this Contract are:<br /><br />• Programming of device inspections and servicing<br /><br />• Installing traffic management<br /><br />• Confined space entry<br /><br />• Inspecting devices to evaluate treatment performance<br /><br />• Servicing devices to return them to optimum operation including:<br /><br />o installation of pipeline bungs/bags<br /><br />o pipeline de-watering<br /><br />o wet-well cleaning (water-blasting inside of chambers)<br /><br />o flushing inlets and outlets<br /><br />o removal & installation of cartridges for cleaning and/or replacing<br /><br />• Disposal of waste to consented disposal facility<br /><br />• Monthly reporting to the Engineer/Project Manager<br /><br /><b>Issued by : </b> Waimakariri District Council<br /><b>Closing Dat
2026-09-29_1130,d4a7dde708074fad88b49577a1195394,AgHort A Research Lab Refurbishment,https://www.vendorpanel.nz/PublicTenderAccess.aspx?id=d4a7dde708074fad88b49577a1195394s2685,"Tue, 29 Sep 2026 03:41:00 GMT","<b>Tender Details : </b> Mechanical and Architectural Design Consultants procured under Stage 1 of the Refurbishment Project are reaching the final stage of issuing designs for Construction, and Massey University now requires a head contractor for the end-to-end delivery of the AgHort A PC2 Laboratory Refurbishment commencing in 2026. <br /><br />The works involve the refurbishment, reconfiguration, and compliance upgrade of existing spaces to meet MPI PC2 containment standards, contemporary research and teaching requirements, and Massey University’s operational, safety, and quality expectations.<br /><br /><b>Issued by : </b> Massey University<br /><b>Closing Date</b> : 20/Oct/2026 12:00 pm (UTC+12:00) Auckland, Wellington time<br /><b>Reference number</b> : VP2685<br /><b>Contact person</b> : Sophie Pita Email: s.pita@massey.ac.nz Tel: 0277236136<br /><b>Tender categories</b> : Building Trade, Repairs, Maint., Construction & Operation<br /><b>Specification Docs</b> : 6"
2026-09-30_1118,7682151f016a47089260e77c87f82a1c,Murphy Park Redevelopment,https://www.vendorpanel.nz/tsi.axd?id=7682151f016a47089260e77c87f82a1cs2690s85818252ab0f4a97ad4749bb758701e4s12,"Wed, 30 Sep 2026 03:15:00 GMT","<b>Tender Details : </b> Separable Portion A – South of the delineation line<br /><br />Separable Portion B – North of the delineation line<br /><br />- Demolition & Removal Works<br /><br />- Stormwater Works<br /><br />- Water Supply Works<br /><br />- Earthworks & Swale Construction<br /><br />- Kerb & Channel Works<br /><br />- Pavement & Chipseal Works<br /><br />- Road Marking & Street Furniture<br /><br />- Landscaping/Reinstatement<br /><br />- Provisional Items (Tree Removal, Service Adjustments, etc.)<br /><br /><b>Issued by : </b> Waimakariri District Council<br /><b>Closing Date</b> : 21/Oct/2026 04:00 pm (UTC+12:00) Auckland, Wellington time<br /><b>Reference number</b> : VP2690<br /><b>Contact person</b> : Not disclosed<br /><b>Tender categories</b> : Construction & Operation<br /><b>Specification Docs</b> : 6"
2026-09-30_1118,8182642d558e4cfbbf993dad19c89d7f,North Drain Piping - Ashley to Edward Street,https://www.vendorpanel.nz/PublicTenderAccess.aspx?id=8182642d558e4cfbbf993dad19c89d7fs2687,"Wed, 30 Sep 2026 01:22:00 GMT","<b>Tender Details : </b> This Contract is for the installation of a stormwater drain in the township of Rangiora.<br /><br />The main tasks involved in this Contract are:<br /><br />•	Supply and installation of the following stormwater infrastructure:<br /><br /> -	80m of concrete ducting 1250 series (1055 depth) with HN-HO-72 lids<br /><br /> -	450 sump as per Detail A, including coring into concrete ducting, cast in situ concrete infill, making good around penetrations and forming a neat finished connection.<br /><br /> -	3x manhole access frame and grate cast into concrete duct lid<br /><br /> -	Design and Build of Detail B cover for footpath use<br /><br />•	New footpath construction<br /><br />•	Trees cut down and ground to ground level<br /><br />•	Traffic Management<br /><br />•	Cutdown and reshape kerbs<br /><br />•	CCTV inspection<br /><br />•	Public notification and liaising with key stakeholders<br /><br /><b>Issued by : </b> Waimakariri District Council<br /><b>Closing Date"
2026-10-02_1116,14a1e7993e444cf58bcf8cab33436eb5,Contract 26/67 High Street Rider Main Installation,https://www.vendorpanel.nz/PublicTenderAccess.aspx?id=14a1e7993e444cf58bcf8cab33436eb5s2692,"Fri, 02 Oct 2026 03:13:00 GMT","<b>Tender Details : </b> This Contract is for the installation of a new 63mm OD PE80 Full RC water rider main on the northern footpath of High Street Rangiora between King Street and Ashley Street. The pipe is to be sleeved inside of the abandoned DN150 stainless steel which is present under the footpath. The abandoned main has been investigated and found to be clear along its length without bends. Some heavy cleaning of the internal wall is to be undertaken as required to enable installation. Camera footage along the full length of the abandoned main is provided in the appendices. The contract includes several connections to the water network as described in the document.<br /><br /><b>Issued by : </b> Waimakariri District Council<br /><b>Closing Date</b> : 21/Oct/2026 04:00 pm (UTC+12:00) Auckland, Wellington time<br /><b>Reference number</b> : VP2692<br /><b>Contact person</b> : Not disclosed<br /><b>Tender categories</b> : Construction & Operation, Water & Sewage<br /><b>Specificat"
2026-10-02_1116,ed0e6d87ec724f859f11a791d9f8bc7f,Oxford A&P Stormwater Improvement Works and Bay Road Drainage Upgrade,https://www.vendorpanel.nz/PublicTenderAccess.aspx?id=ed0e6d87ec724f859f11a791d9f8bc7fs2691,"Fri, 02 Oct 2026 00:57:00 GMT","<b>Tender Details : </b> This contract covers the construction of a swale, a bund, soakage devices, and the installation of stormwater pipes in Oxford. <br /><br />The main tasks involved in this Contract are:<br /><br />Separable Portion A (SPA): Oxford A&P Stormwater Improvements<br /><br />•	Constructing a bund along the northern and eastern boundaries of the Oxford Agricultural & Pastoral (A&P) Showgrounds.<br /><br />•	Regrading and reshaping of existing swales within the showgrounds. <br /><br />•	Installing an inlet wingwall structure and a new DN450 pipe through 53 and 53A Burnett Street and connecting the pipe into the existing stormwater infrastructure. A DN300 orifice plate will be installed on the inlet to restrict flow into Church Street Reserve, with removal anticipated following downstream upgrades. <br /><br />•	Minor localised lowering works at Reids Lane footpath near southern end of eastern Oxford A&P Showgrounds shelter belt.<br /><br />•	Remove the existing DN300 p"
2026-10-06_2148,8019aefb216949dcbd758075a12f4dfd,25/64 Stopforth / Parsonage Road Realignment,https://www.vendorpanel.nz/tsi.axd?id=8019aefb216949dcbd758075a12f4dfds2696s85818252ab0f4a97ad4749bb758701e4s12,"Tue, 06 Oct 2026 17:52:00 GMT","<b>Tender Details : </b> Suitable Tier C Category 10 (Roading Improvements) prequalified Contractors are invited to tender for Contract 25/64 - Stopforth Road / Parsonage Road Intersection Realignment located in Woodend, Christchurch<br /><br />This Contract is for the realignment of Stopforth St and Parsonage Road in Woodend which is located in the Waimakariri District and includes the following;<br /><br />- Replacement and realignment of existing kerb and channel<br /><br />- Construction of new footpath<br /><br />- Residential entranceway reconstruction<br /><br />- Reconstruction of existing footpath<br /><br />- Reinstatement / construction of grassed berms<br /><br />- All road carriageway / pavement reinstatement including linemarking<br /><br /><b>Issued by : </b> Waimakariri District Council<br /><b>Closing Date</b> : 11/Nov/2026 05:00 pm (UTC+12:00) Auckland, Wellington time<br /><b>Reference number</b> : VP2696<br /><b>Contact person</b> : Glenn Kempton Email: glenn.kempto"
